3.6216,8.6661,-28.073,-44.699,0
4.5459,8.1674,-24.586,-14.621,0
3.866,-26.383,1.9242,10.645,0
3.4566,9.5228,-40.112,-35.944,0
32.924,-44.552,4.5718,-9.888,0
4.3684,9.6718,-39.606,-31.625,0
3.5912,3.0129,72.888,56.421,0
2.0922,-6.81,8.4636,-60.216,0
3.2032,5.7588,-75.345,-61.251,0
1.5356,9.1772,-22.718,-73.535,0
1.2247,8.7779,-22.135,-80.647,0
3.9899,-27.066,2.3946,86.291,0
1.8993,7.6625,15.394,-31.108,0
-15.768,10.843,2.5462,-29.362,0
3.404,8.7261,-29.915,-57.242,0
4.6765,-33.895,3.4896,1.4771,0
2.6719,3.0646,37.158,58.619,0
80.355,2.8473,4.3439,6.017,0
1.4479,-48.794,8.3428,-21.086,0
5.2423,11.0272,-4.353,-41.013,0
5.7867,7.8902,-26.196,-48.708,0
3.292,-44.552,4.5718,-9.888,0
3.9362,10.1622,-38.235,-40.172,0
93.584,8.8855,-16.831,-16.599,0
4.4338,9.887,-46.795,-37.483,0
7.057,-54.981,8.3368,-28.715,0
1.1432,-37.413,5.5777,-63.578,0
-38.214,8.3909,2.1624,-37.405,0
6.5633,9.8187,-44.113,-32.258,0
4.8906,-33.584,3.4202,1.0905,0
-24.811,-17.797,4.9068,15.429,0
1.4884,3.6274,3.308,48.921,0
4.2969,7.617,-23.874,-96.164,0
-96.511,9.4111,1.7305,-48.629,0
-16.162,80.908,8.1628,60.817,0
2.4391,6.4417,-80.743,-69.139,0
2.6881,6.0195,-46.641,-69.268,0
3.6289,81.322,1.6277,77.627,0
4.5679,3.1929,-21.055,29.653,0
3.4805,9.7008,-37.541,-34.379,0
4.1711,8.722,-30.224,-59.699,0
-2.062,9.2207,-37.044,-68.103,0
-68.919,9.2931,-41.243,-19.638,0
96.441,5.8395,2.3235,66.365,0
2.8561,6.9176,-79.372,48.403,0
-7.869,9.5663,-37.867,-75.034,0
2.0843,6.6258,48.382,-22.134,0
-7.869,9.5663,-37.867,-75.034,0
3.9102,6.065,-24.534,-68.234,0
1.6349,3.286,2.8753,87.054,0
4.3239,-48.835,3.4356,-5.776,0
5.262,3.9834,-15.572,1.0103,0
3.1452,5.825,-51.439,-14.944,0
2.549,6.1499,-11.605,-12.371,0
4.9264,5.496,-24.774,-50.648,0
4.8265,80.287,1.6371,1.1875,0
2.5635,6.7769,-61.979,38.576,0
5.807,5.1997,-22.384,43.878,0
3.1377,-41.096,4.5701,98.963,0
-78.289,11.3603,-37.644,-70.495,0
2.888,44.696,4.5907,-24.398,0
49.665,5.527,1.7785,-47.156,0
4.2586,11.2962,-40.943,-43.457,0
1.7939,-11.174,1.5454,-26.079,0
5.4021,3.1039,-11.536,1.5651,0
2.5367,2.599,2.0938,20.085,0
4.6054,-40.765,2.7587,31.981,0
2.4235,9.5332,-30.789,-27.746,0
1.2009,7.7846,-28.219,-26.608,0
12.326,8.9848,-9.351,-24.332,0
3.9529,-23.548,2.3792,48.274,0
4.1373,49.248,1.093,1.8276,0
4.7181,10.0153,-39.486,-38.582,0
4.1654,-34.495,3.643,1.0879,0
4.4069,10.9072,-45.775,-44.271,0
2.3066,3.5364,57.551,41.938,0
3.7935,7.9853,-25.477,-1.872,0
49.175,6.1437,1.7828,-72.113,0
24.835,7.6439,9.885,-87.371,0
1.1317,3.9647,3.3979,84.351,0
2.8033,9.0862,-33.668,-10.224,0
4.4682,2.2907,95.766,83.058,0
5.0185,8.5978,-29.375,-1.281,0
1.8664,7.7763,-23.849,-29.634,0
3.245,6.63,-63.435,86.937,0
4.0296,2.6756,80.685,71.679,0
-11.313,1.9037,7.5339,1.022,0
87.603,6.8141,84.198,-17.156,0
4.1197,-27.956,2.0707,67.412,0
3.8027,81.529,2.1041,1.0245,0
1.4806,7.6377,-27.876,-10.341,0
4.0632,3.584,72.545,39.481,0
4.3064,8.2068,-27.824,-14.336,0
2.4486,-63.175,7.9632,20.602,0
3.2718,1.7837,2.1161,61.334,0
-64.472,-46.062,8.347,-27.099,0
2.9543,1.076,64.577,89.394,0
2.1616,-68.804,8.1517,-81.048,0
3.82,10.9279,-40.112,-50.284,0
-27.419,11.4038,2.5394,-55.793,0
3.3669,-51.856,3.6935,-11.427,0
4.5597,-24.211,2.6413,1.6168,0
5.1129,-49.871,62.863,1.1189,0
3.3397,-46.145,3.9823,-23.751,0
4.2027,22.761,96.108,97.282,0
3.5438,1.2395,1.997,2.1547,0
2.3136,10.6651,-35.288,-47.672,0
-18.584,7.886,-16.643,-18.384,0
3.106,9.5414,-42.536,-4.003,0
2.9163,10.8306,-33.437,-4.122,0
3.9922,-44.676,3.7304,-1.095,0
1.518,5.6946,94.818,-26.738,0
3.2351,9.647,-32.074,-25.948,0
4.2188,6.8162,-12.804,76.076,0
1.7819,6.9176,-12.744,-15.759,0
2.5331,2.9135,-822,-12.243,0
3.8969,7.4163,-18.245,14.007,0
2.108,6.7955,-1.708,4.905,0
2.8969,70.768,2.29,1.8663,0
9.297,-37.971,4.6429,-2.957,0
3.4642,10.6878,-34.071,-4.109,0
4.0713,10.4023,-41.722,-47.582,0
-14.572,9.1214,1.7425,-51.241,0
-15.075,1.9224,7.1466,89.136,0
-91.718,9.9884,1.1804,-52.263,0
2.994,7.2011,-12.153,3.211,0
-2.343,12.9516,3.3285,-59.426,0
3.7818,-28.846,2.2558,-15.734,0
4.6689,1.3098,55.404,1.909,0
3.4663,1.1112,1.7425,1.3388,0
3.2697,-43.414,3.6884,-29.829,0
5.1302,8.6703,-28.913,-15.086,0
2.0139,6.1416,37.929,56.938,0
4.339,5.5395,2.033,-40.432,0
-10.401,9.3987,85.998,-53.336,0
4.1605,11.2196,-36.136,-40.819,0
5.438,9.4669,-49.417,-39.202,0
5.032,8.2026,-26.256,-10.341,0
5.2418,10.5388,-41.174,-42.797,0
-2.062,9.2207,-37.044,-68.103,0
2.0911,94.358,4.5512,1.234,0
1.7317,-34.765,4.1905,-99.138,0
4.1736,3.3336,-14.244,60.429,0
3.9232,-32.467,3.4579,83.705,0
3.8481,10.1539,-38.561,-42.228,0
5.195,-32.633,3.0895,-9.849,0
3.8584,78.425,1.1033,1.7008,0
1.7496,-1.759,5.1827,1.2922,0
3.6277,9.829,68.861,63.403,0
2.7391,7.4018,71.684,-25.302,0
4.5447,8.2274,-24.166,-15.875,0
-17.599,11.9211,2.6756,-33.241,0
5.0691,21.313,20.278,1.2095,0
3.4591,11.112,-42.039,-50.931,0
1.9358,8.1654,-23.425,-22.586,0
2.486,-99.533,5.3404,-15.475,0
2.4226,-45.752,5.947,21.507,0
3.9479,-37.723,2.883,19.813,0
2.2634,-44.862,3.6558,-61.251,0
1.3566,4.2358,2.1341,3.211,0
5.0452,3.8964,-14.304,86.291,0
3.5499,8.6165,-32.794,-12.009,0
17.346,7.8695,26.876,-37.883,0
2.4008,9.3593,-33.565,-33.526,0
4.8851,1.5995,-29.081,1.6401,0
4.1927,-32.674,2.5839,21.766,0
1.1166,8.6496,-96.252,-18.112,0
1.0235,6.901,-20.062,-27.125,0
-1.803,11.8818,2.0458,-52.728,0
11.739,6.2761,-15.495,-24.746,0
5.706,-248,1.2421,-5.621,0
4.0552,-24.583,2.2806,1.0323,0
-16.952,1.0657,8.8294,94.955,0
-11.193,10.7271,2.0938,-56.504,0
1.8799,2.4707,2.4931,37.671,0
3.583,-37.971,3.4391,-12.501,0
19.081,9.1297,-3.725,-58.224,0
3.6582,5.6864,-17.157,-23.751,0
-13.144,-17.775,8.3316,35.214,0
2.3925,9.798,-30.361,-28.224,0
1.6426,3.0149,22.849,-147,0
-11.783,-15.789,08.03,-28.031,0
-69.572,8.6165,1.8419,-43.289,0
2.9421,7.4101,-97.709,-88.406,0
-17.559,11.9459,3.0946,-48.978,0
-12.537,10.8803,1.931,-43.237,0
3.2585,-44.614,3.8024,-15.087,0
1.8314,6.3672,-36.278,49.554,0
4.5645,-36.275,2.8684,27.714,0
2.7365,-50.325,6.6608,-57.889,0
9.297,-37.971,4.6429,-2.957,0
3.9663,10.1684,-41.131,-46.056,0
1.4578,-8.485,4.1785,59.136,0
4.8272,3.0687,68.604,80.731,0
-2.341,12.3784,70.403,-75.836,0
-18.584,7.886,-16.643,-18.384,0
4.1454,7.257,-19.153,-86.078,0
1.9157,6.0816,23.705,-20.116,0
4.0215,-21.914,2.4648,1.1409,0
5.8862,5.8747,-28.167,-30.087,0
-20.897,10.8265,2.3603,-34.198,0
4.2026,-35.943,3.5573,26.809,0
-78.689,9.5663,-37.867,-75.034,0
4.1757,10.2615,-38.552,-43.056,0
83.292,7.5404,65.005,-92.544,0
4.8077,2.2327,-26.334,1.5534,0
5.3063,5.2684,-28.904,-52.716,0
2.5605,9.2683,-35.913,-1.356,0
2.1059,7.6046,-47.755,-18.461,0
2.1721,-73.874,5.4672,-72.371,0
4.2899,9.1814,-46.067,-43.263,0
3.5156,10.1891,-42.759,-4.978,0
2.614,8.1981,-37.258,-13.069,0
68.087,2.3259,4.9085,54.998,0
4.1962,74.493,83.256,753,0
6.0919,2.9673,-13.267,1.4551,0
1.3234,3.2964,2.362,-11.984,0
1.3264,1.0326,5.6566,-41.337,0
-16.735,7.6274,1.2061,-36.241,0
-1.3,10.2678,-2.953,-58.638,0
-22.261,12.5398,2.9438,-35.258,0
2.4196,6.4665,-75.688,228,0
1.0987,6.394,5.989,-58.277,0
4.6464,10.5326,-45.852,-4.206,0
-36.038,4.1158,3.1143,-37.199,0
1.3562,3.2136,4.3465,78.662,0
5.706,-248,1.2421,-5.621,0
-26.479,10.1374,-1.331,-54.707,0
3.1219,-3.137,1.9259,-37.458,0
5.4944,1.5478,41.694,1.9284,0
-13.389,1.552,7.0806,1.031,0
-23.361,11.9604,3.0835,-54.435,0
2.2596,-33.118,4.7355,-2.776,0
46.901,-63.321,7.3848,36.507,0
2.7296,2.8701,51.124,5.099,0
2.0466,02.03,2.1761,-83.634,0
-13.274,9.498,2.4408,-52.689,0
3.8905,-21.521,2.6302,1.1047,0
3.9994,90.427,1.1693,1.6892,0
2.3952,9.5083,-31.783,-30.086,0
3.2704,6.9321,-10.456,23.447,0
-13.931,1.5664,7.5382,78.403,0
1.6406,3.5488,1.3964,-36.424,0
2.7744,6.8576,-10.671,75.416,0
2.4287,9.3821,-32.477,-14.543,0
4.2134,-2.806,2.0116,67.412,0
1.6472,48.213,4.7449,1.225,0
2.0597,-99.326,5.2119,-29.312,0
3.798,7.098,7.572,-4.444,0
1.0135,8.4551,-1.672,-20.815,0
4.5691,-44.552,3.1769,42.961,0
57.461,10.1105,-16.917,-43.922,0
5.734,9.1938,-9.094,-1.872,0
5.2868,3.257,-13.721,1.1668,0
4.0102,10.6568,-41.388,-50.646,0
4.1425,-36.792,3.8281,1.6297,0
3.0934,-29.177,2.2232,22.283,0
2.2034,5.9947,53.009,84.998,0
3.744,79.459,95.851,1.1977,0
3.0329,2.2948,2.1135,35.084,0
3.7731,7.2073,-16.814,-94.742,0
3.1557,2.8908,59.693,79.825,0
1.8114,7.6067,-9.788,-24.668,0
4.988,7.2052,-32.846,-11.608,0
2.483,6.6155,-79.287,-90.863,0
1.594,4.7055,1.3758,81.882,0
-16.103,9.7484,15.394,-16.134,0
3.8496,9.7939,-41.508,-44.582,0
9.297,-37.971,4.6429,-2.957,0
4.9342,2.4107,-17.594,1.6245,0
3.8417,10.0215,-42.699,-49.159,0
5.3915,9.9946,-38.081,-33.642,0
4.4072,-70.365,2.0416,1.1319,0
2.6946,6.7976,-40.301,44.912,0
5.2756,13.863,12.138,1.1435,0
3.4312,6.2637,-19.513,-36.165,0
4.052,-16.555,45.383,51.248,0
1.3638,-47.759,8.4182,-18.836,0
89.566,7.7763,-27.473,-19.353,0
1.9265,7.7557,-16.823,-30.771,0
20.977,-46.146,7.7267,90.946,0
4.068,-29.363,2.1992,50.084,0
2.877,-40.599,3.6259,-32.544,0
3.223,-89.808,8.0883,69.222,0
-1.3,10.2678,-2.953,-58.638,0
1.7747,-64.334,8.15,-89.828,0
1.3419,-44.221,08.09,-17.349,0
89.606,10.5471,-14.175,-40.327,0
44.125,2.9487,4.3225,7.155,0
3.2422,6.2265,12.224,-14.466,0
2.5678,3.5136,61.406,-40.691,0
-22.153,11.9625,78.538,-77.853,0
4.1349,6.1189,-24.294,-19.613,0
1.934,"-9,28E-02",4.816,-33.967,0
2.5068,1.1588,3.9249,12.585,0
2.1464,6.0795,-5.778,-22.302,0
51.979,7.0521,-20.541,-31.508,0
1.2706,8.035,-19.651,-21.888,0
1.143,83.391,5.4552,-56.984,0
2.2928,9.0386,-32.417,-12.991,0
3.292,-44.552,4.5718,-9.888,0
2.9719,6.8369,-2.702,71.291,0
1.6849,8.7489,-12.641,-13.858,0
-19.177,11.6894,2.5454,-32.763,0
2.3729,10.4726,-30.087,-32.013,0
1.0284,9.767,-13.687,-17.853,0
27.451,9.2186,-32.863,-48.448,0
1.6032,-47.863,8.5193,-21.203,0
4.616,10.1788,-42.185,-44.245,0
4.2478,7.6956,-27.696,-10.767,0
4.0215,-27.004,2.4957,36.636,0
5.0297,-49.704,3.5025,-23.751,0
1.5902,2.2948,3.2403,18.404,0
2.1274,5.1939,-17.971,-11.763,0
1.1811,8.3847,-20.567,-90.345,0
3.292,-44.552,4.5718,-9.888,0
5.7353,5.2808,-22.598,75.416,0
2.6718,5.6574,72.974,-14.892,0
1.5799,-47.076,7.9186,-15.487,0
2.9499,2.2493,1.3458,-37.083,0
5.195,-32.633,3.0895,-9.849,0
3.7352,9.5911,-39.032,-33.487,0
-17.344,2.0175,7.7618,93.532,0
3.884,10.0277,-39.298,-40.819,0
3.5257,1.2829,1.9276,1.7991,0
4.4549,2.4976,1.0313,96.894,0
-16.108,-64.624,8.3573,-15.216,0
4.2164,9.4607,-49.288,-52.366,0
3.5152,6.8224,-67.377,-46.898,0
1.6988,2.9094,2.9044,11.033,0
1.0607,2.4542,2.5188,-17.027,0
2.0421,1.2436,4.2171,90.429,0
3.5594,1.3078,1.291,1.6556,0
3.2009,5.8126,-22.306,-66.553,0
3.9294,1.4112,1.8076,89.782,0
3.4667,-40.724,4.2882,1.5418,0
3.966,3.9213,70.574,33.662,0
1.0191,2.33,4.9334,82.929,0
96.414,5.616,2.2138,-12.501,0
1.8205,6.7562,99.913,39.481,0
4.9923,7.8653,-23.515,-71.984,0
-11.804,11.5093,15.565,-68.194,0
4.0329,23.175,89.082,1.1823,0
66.018,10.3878,-14.029,-39.151,0
3.5982,7.1307,-13.035,21.248,0
-18.584,7.886,-16.643,-18.384,0
4.0972,46.972,1.6671,91.593,0
3.3299,91.254,1.5806,39.352,0
3.1088,3.1122,80.857,4.336,0
-42.859,8.5234,3.1392,-91.639,0
-12.528,10.2036,2.1787,-56.038,0
5.195,-32.633,3.0895,-9.849,0
3.292,-44.552,4.5718,-9.888,0
88.872,5.3449,2.045,-19.355,0
3.5458,9.3718,-40.351,-39.564,0
-21.661,8.0329,1.8848,-38.853,0
2.7206,9.0821,-33.111,-96.811,0
3.2051,8.6889,-29.033,-7.819,0
2.6917,10.8161,-3.3,-42.888,0
-23.242,11.5176,1.8231,-5.375,0
2.7161,-42.006,4.1914,16.981,0
3.3848,3.2674,90.967,25.128,0
1.7452,4.8028,2.0878,62.627,0
2.805,57.732,1.3424,1.2133,0
5.7823,5.5788,-24.089,-56.479,0
3.8999,1.734,1.6011,96.765,0
3.5189,6.332,-17.791,-20.273,0
3.2294,7.7391,-37.816,-25.405,0
3.4985,3.1639,22.677,-1.651,0
2.1948,1.3781,1.1582,85.774,0
2.2526,9.9636,-31.749,-29.944,0
4.1529,-39.358,2.8633,-17.686,0
74.307,11.17,-13.824,-40.728,0
1.9105,8.871,-23.386,-75.604,0
-15.055,70.346,6.8681,-50.648,0
58.836,10.7727,-13.884,-43.276,0
3.2303,7.8384,-35.348,-12.151,0
-19.922,11.6542,2.6542,-52.107,0
2.8523,9.1996,-3.761,-33.371,0
4.2772,2.4955,48.554,36.119,0
1.5099,39.307,6.2332,-30.346,0
5.4188,10.1457,-4.084,-36.991,0
86.202,2.6963,4.2908,54.739,0
3.8117,10.1457,-40.463,-45.629,0
54.777,10.3754,-15.435,-41.633,0
2.3718,7.4908,15.989,-17.414,0
-24.953,11.1472,1.9353,-34.638,0
4.6361,-26.611,2.8358,1.1991,0
-22.527,11.5321,2.5899,-32.737,0
3.7982,10.423,-41.602,-49.728,0
-36.279,8.2895,-19.213,-33.332,0
2.1265,6.8783,44.784,-22.224,0
86.736,5.5643,1.6765,-16.769,0
3.7831,10.0526,-38.869,-37.366,0
-22.623,12.1177,28.846,-77.581,0
1.2616,4.4303,-13.335,-17.517,0
2.6799,3.1349,34.073,58.489,0
-39.816,5.9781,1.3912,-11.621,0
4.3937,35.798,2.0416,1.2004,0
2.9695,5.6222,27.561,-11.556,0
1.3049,-15.521,6.4911,-75.346,0
2.2123,-58.395,7.7687,-85.302,0
1.9647,6.9383,57.722,66.377,0
3.0864,-25.845,2.2309,30.947,0
3.798,7.098,7.572,-4.444,0
58.982,7.4266,1.2353,-29.595,0
14.783,7.946,1.0742,-33.409,0
-62.025,6.1975,1.099,-1.131,0
4.223,1.1319,72.202,96.118,0
64.295,7.1018,3.493,-41.337,0
1.941,46.351,4.6472,1.0879,0
4.1947,45.937,1.3621,1.6181,0
3.7767,9.7794,-39.075,-35.323,0
3.4769,-15.314,2.53,2.4495,0
1.9818,9.2621,-3.521,-1.872,0
3.8023,-38.696,4.044,95.343,0
4.3483,11.1079,-40.857,-42.539,0
1.1518,1.3864,5.2727,-43.536,0
-12.576,1.5892,7.1978,42.455,0
1.9572,-51.153,8.6127,-14.297,0
-2.484,12.1611,2.8204,-37.418,0
-11.497,1.2954,7.701,62.627,0
4.8368,10.0132,-43.239,-43.276,0
-12.196,8.8068,94.566,-42.267,0
1.9429,6.3961,92.248,58.102,0
1.742,-4.809,8.2142,-20.659,0
-15.222,10.8409,2.7827,-40.974,0
-1.3,10.2678,-2.953,-58.638,0
3.4246,-14.693,80.342,29.136,0
2.5503,-49.518,6.3729,-41.596,0
1.5691,6.3465,-1.828,-24.099,0
1.3087,4.9228,2.2013,22.024,0
5.1776,8.2316,-32.511,-15.694,0
2.229,9.6325,-31.123,-27.164,0
5.6272,10.0857,-42.931,-38.142,0
1.2138,8.7986,-21.672,-74.182,0
3.798,7.098,7.572,-4.444,0
5.415,6.0319,1.6825,-46.122,0
4.0524,5.6802,-19.693,26.279,0
4.7285,2.1065,-28.305,1.5625,0
3.4359,66.216,2.1041,1.8922,0
86.816,10.2429,-14.912,-40.082,0
3.359,9.8022,-38.209,-37.133,0
3.6702,2.9942,85.141,30.688,0
1.3349,6.1189,46.497,49.826,0
3.1887,-34.143,2.7742,-2.026,0
2.4527,2.9653,20.021,-56.479,0
3.9121,2.9735,92.852,60.558,0
3.9364,10.5885,-3.725,-43.133,0
3.9414,-32.902,3.1674,1.0866,0
3.6922,-39.585,4.3439,1.3517,0
5.681,7.795,-26.848,-92.544,0
77.124,9.0862,-12.281,-14.996,0
3.5761,9.7753,-39.795,-34.638,0
1.602,6.1251,52.924,47.886,0
2.6682,10.216,-34.414,-40.069,0
2.2007,1.8644,2.6491,47.369,0
64.215,3.1287,4.2933,64.696,0
4.3848,-30.729,3.0423,1.2741,0
77.445,9.0552,-24.089,-13.884,0
96.574,8.393,-1.361,-14.659,0
3.0948,8.7324,-29.007,-96.682,0
4.9362,7.6046,-23.429,-85.302,0
-19.458,11.2217,1.9079,-34.405,0
5.7403,-44.284,38.015,1.3763,0
-26.989,12.1984,67.661,-85.482,0
1.1472,3.5985,1.9387,-43.406,0
2.9742,8.96,-29.024,-10.379,0
4.5707,7.2094,-32.794,-14.944,0
1.848,6.5079,2.0133,-87.242,0
87.256,9.2931,-7.843,-21.978,0
39.559,6.8866,1.0588,-67.587,0
3.8384,6.1851,-20.439,-33.204,0
2.8209,7.3108,-81.857,-18.784,0
2.5817,9.7546,-31.749,-29.957,0
3.8213,23.175,2.0133,2.0564,0
3.798,7.098,7.572,-4.444,0
3.4893,6.69,-12.042,-38.751,0
-17.781,8.546,7.1303,27.572,0
2.0962,2.4769,1.9379,-40.962,0
94.732,-57.113,7.1903,-67.587,0
2.8261,9.4007,-33.034,-10.509,0
71.249,8.3661,50.781,-38.155,0
96.788,7.1907,1.2798,-24.565,0
4.7432,2.1086,1.368,1.6543,0
3.6575,7.2797,-22.692,-1.144,0
3.8832,6.4023,-2.432,-98.363,0
3.4776,8.811,-31.886,-92.285,0
1.1315,7.9212,1.093,-28.444,0
2.8237,2.8597,19.678,57.196,0
1.9321,6.0423,26.019,-2.053,0
3.0632,-33.315,5.1305,8.267,0
-18.411,10.8306,2.769,-30.901,0
2.8084,11.3045,-33.394,-44.194,0
2.5698,-44.076,5.9856,78.002,0
-12.624,10.3216,-37.121,-61.185,0
3.3756,-40.951,4.367,1.0698,0
-48.008,-16.037,8.4756,75.558,0
5.706,-248,1.2421,-5.621,0
88.444,6.5906,55.837,-44.182,0
3.8644,3.7061,70.403,35.214,0
1.2999,2.5762,2.0107,-18.967,0
2.1951,-68.638,8.132,-2.401,0
4.9294,27.727,20.792,33.662,0
2.8297,6.3485,-73.546,-58.665,0
2.565,8.633,-29.941,-13.082,0
2.093,8.3061,22.844,-32.724,0
4.6014,5.6264,-21.235,19.309,0
5.0617,-35.799,44.698,99.868,0
-2.951,9.0489,-52.725,-20.789,0
3.577,2.4004,1.8908,73.231,0
3.9433,2.5017,1.5215,903,0
2.6648,10.754,-33.994,-41.685,0
5.9374,6.1664,-25.905,-36.553,0
2.0153,1.8479,3.1375,42.843,0
5.8782,5.9409,-28.544,-60.863,0
-23.983,12.606,2.9464,-57.888,0
1.762,4.3682,2.1384,75.429,0
4.2406,-24.852,1.608,7.155,0
3.4669,6.87,-10.568,-73.147,0
3.1896,5.7526,-18.537,-30.087,0
81.356,9.1566,-21.492,-41.814,0
52.855,96.427,4.0243,-10.483,0
2.1319,-20.403,2.5574,-61.652,0
33.111,4.5731,2.057,-18.967,0
1.2746,8.8172,-15.323,-17.957,0
2.2091,7.4556,-13.284,-33.021,0
2.5328,7.528,-41.929,-26.478,0
3.6244,1.4609,1.3501,1.9284,0
-13.885,12.5026,69.118,-75.487,0
5.7227,5.8312,-24.097,-24.527,0
3.3583,10.3567,-37.301,-36.991,0
2.5227,2.2369,2.7236,79.438,0
45.304,6.7334,1.0708,-9.332,0
4.8278,7.7598,-24.491,-12.216,0
1.9476,-47.738,8.527,-18.668,0
2.7659,66.216,4.1494,-28.406,0
-10.648,-76.771,7.7575,64.179,0
72.252,-53.811,5.6703,-13.509,0
4.2475,1.4816,-48.355,95.343,0
3.9772,33.521,2.2566,2.1625,0
3.6667,4.302,55.923,33.791,0
2.8232,10.8513,-31.466,-39.784,0
-14.217,11.6542,-57.699,-71.025,0
4.2458,1.1981,66.633,94.696,0
4.1038,-48.069,3.3491,-49.225,0
1.4507,8.7903,-22.324,-65.259,0
3.4647,-39.172,3.9746,36.119,0
1.8533,6.1458,1.0176,-20.401,0
3.5288,71.596,1.9507,1.9375,0
3.9719,1.0367,75.973,1.2013,0
3.534,9.3614,-36.316,-12.461,0
3.6894,9.887,-40.788,-43.664,0
3.0672,-44.117,3.8238,-81.682,0
2.6463,-48.152,6.3549,3.003,0
2.2893,3.733,6.312,-39.786,0
1.5673,7.9274,-56.842,-21.694,0
4.0405,51.524,1.0279,1.106,0
4.3846,-48.794,3.3662,-29.324,0
2.0165,-25.246,5.1707,1.0763,0
4.0446,11.1741,-43.582,-47.401,0
-33.729,-64.976,7.6659,72.326,0
-24.604,12.7302,91.738,-76.418,0
4.1195,10.9258,-38.929,-41.802,0
2.0193,82.356,4.6369,1.4202,0
1.5701,7.9129,29.018,-21.953,0
2.6415,7.586,-28.562,-16.677,0
5.0214,8.0764,-30.515,-17.155,0
4.3435,3.3295,83.598,64.955,0
1.8238,-67.748,8.3873,-54.139,0
3.9382,9.291,78.543,6.767,0
2.2517,-51.422,4.2916,-12.487,0
5.504,10.3671,-4.413,-40.211,0
2.8521,9.171,-36.461,-12.047,0
1.1676,9.1566,-20.867,-80.647,0
2.6104,8.1981,-23.592,-17.608,0
32.444,10.067,-11.982,-41.284,0
3.8962,-47.904,3.3954,-53.751,0
2.1752,-8.091,5.1022,-67.975,0
1.1588,8.9331,-20.807,-11.272,0
4.7072,8.2957,-25.605,-14.905,0
-19.667,11.8052,-40.472,-78.719,0
4.0552,40.143,1.4563,65.343,0
2.3678,-6.839,8.4207,-44.829,0
33.565,6.8369,69.718,-55.691,0
4.3398,-53.036,3.8803,-70.432,0
1.5456,8.5482,4.187,-21.784,0
1.4276,8.3847,-20.995,-19.677,0
-27.802,8.1881,-31.338,-25.276,0
93.611,8.6413,-16.351,-13.043,0
4.6352,-30.087,2.6773,1.212,0
1.5268,-55.871,8.6564,-1.722,0
95.626,2.4728,4.4578,21.636,0
-27.914,1.7734,6.7756,-39.915,0
5.2032,3.5116,-12.538,1.0129,0
3.1836,7.2321,-10.713,-25.909,0
65.497,5.1815,1.0673,-42.113,0
5.6084,10.3009,-48.003,-43.534,0
1.105,7.4432,41.099,-30.332,0
3.9292,-29.156,2.2129,30.817,0
1.1558,6.4003,1.5506,6.961,0
2.5581,2.6218,1.8513,40.257,0
2.7831,10.9796,-3.557,-44.039,0
3.7635,2.7811,66.119,34.179,0
-26.479,10.1374,-1.331,-54.707,0
1.0652,8.3682,-14.004,-16.509,0
-14.275,11.8797,41.613,-69.978,0
5.7456,10.1808,-47.857,-43.366,0
5.086,3.2798,-12.701,1.1189,0
3.4092,5.4049,-25.228,-89.958,0
-2.361,9.3221,2.1307,-43.793,0
3.8197,8.9951,-4.383,-40.327,0
-11.391,1.8127,6.9144,70.127,0
4.9249,68.906,77.344,1.2095,0
2.5089,6.841,-29.423,44.912,0
-2.062,9.2207,-37.044,-68.103,0
3.946,6.8514,-15.443,-5.582,0
-278,8.1881,-31.338,-25.276,0
1.8592,3.2074,-15.966,-26.208,0
56.953,7.6294,1.5754,-32.233,0
3.4626,-4.449,3.5427,15.429,0
3.3951,1.1484,2.1401,2.0862,0
5.0429,-52.974,50.439,1.106,0
3.7758,7.1783,-15.195,40.128,0
4.6562,7.6398,-24.243,-12.384,0
4.0948,-29.674,2.3689,75.429,0
1.8384,6.063,54.723,51.248,0
2.0153,43.661,4.5864,-3.151,0
3.5251,7.201,1.6928,64.438,0
3.757,-54.236,3.8255,-12.526,0
2.5989,3.5178,7.623,81.119,0
1.8994,97.462,4.2265,81.377,0
3.6941,-39.482,4.2625,1.1577,0
4.4295,-23.507,1.7048,90.946,0
6.8248,5.2187,-25.425,5.461,0
1.8967,-25.163,2.8093,-79.742,0
2.1526,-61.665,8.0831,-34.355,0
3.3004,7.0811,-13.258,22.283,0
2.7213,07.05,-58.808,41.809,0
3.8846,-30.336,2.5334,20.214,0
4.1665,-4.449,23.448,27.843,0
94.225,5.8561,1.8762,-32.544,0
5.1321,-31.048,32.616,1.1151,0
38.251,6.8121,1.8128,-61.251,0
3.0333,-25.928,2.3183,303,0
2.9233,6.0464,-11.168,-58.665,0
1.162,10.2926,-12.821,-40.392,0
3.7791,2.5762,1.3098,5.655,0
77.765,5.9781,1.1941,-3.526,0
-38.388,-10.471,8.0514,49.567,0
21.084,9.4359,-94.543,-1.859,0
2.9571,-45.938,5.9068,57.196,0
4.6439,-33.729,2.5976,55.257,0
3.3577,-43.062,6.0241,18.274,0
3.5127,2.9073,1.0579,40.774,0
2.6562,10.7044,-33.085,-40.767,0
-13.612,10.694,1.7022,-29.026,0
-278,8.1881,-31.338,-25.276,0
01.04,-69.321,8.2888,-12.991,0
2.1881,2.7356,1.3278,-1.832,0
4.2756,-26.528,2.1375,94.437,0
-11.996,6.8741,91.995,-6.694,0
2.9736,8.7944,-36.359,-13.754,0
3.7798,-33.109,2.6491,66.365,0
5.3586,3.7557,-17.345,1.0789,0
1.8373,6.1292,84.027,55.257,0
1.2262,89.599,5.7568,-11.596,0
-48.008,-56.078,7.7215,453,0
5.706,-24.841,1.2421,-56.208,0
4.3634,46.351,1.4281,2.0202,0
3.482,-41.634,3.5008,-78.462,0
51.947,-32.633,3.0895,-98.492,0
2.3164,-2.628,3.1529,-8.622,0
-18.348,11.0334,3.1863,-48.888,0
1.3754,8.8793,-19.136,-53.751,0
-16.682,5.8974,49.839,-70.044,0
29.961,7.1328,-31.475,-11.828,0
25.035,9.3262,-36.873,-62.543,0
2.4673,1.3926,1.7125,41.421,0
77.805,6.6424,-11.425,-10.573,0
3.4465,2.9508,1.0271,5.461,0
2.2429,-41.427,5.2333,-40.173,0
3.7321,-3.884,3.3577,-60.486,0
4.3365,-3.584,3.6884,74.912,0
-20.759,10.8223,2.6439,-4.837,0
4.0715,7.6398,-20.824,-11.698,0
76.163,5.8209,1.1959,-64.613,0
-53.966,7.3273,46.583,-14.543,0
2.6213,5.7919,65.686,-15.759,0
3.0242,-33.378,2.5865,-54.785,0
5.8519,5.3905,-24.037,-61.652,0
5.706,-248,1.2421,-5.621,0
3.9771,11.1513,-39.272,-43.444,0
1.5478,9.1814,-16.326,-17.375,0
74.054,36.625,2.1992,48.403,0
49.571,10.2243,-1.097,-40.159,0
1.645,7.8612,-87.598,-35.569,0
3.6077,6.8576,-11.622,28.231,0
3.2403,-37.082,5.2804,41.291,0
3.9166,10.2491,-40.926,-44.659,0
3.9262,6.0299,-20.156,-65.531,0
5.591,10.4643,-43.839,-43.379,0
3.7522,-36.978,3.9943,1.3051,0
1.3114,4.5462,2.2935,22.541,0
3.7022,6.9942,-18.511,-12.889,0
4.364,-31.039,2.3757,78.532,0
3.5829,1.4423,1.0219,1.4008,0
4.65,-48.297,3.4553,-25.174,0
5.1731,3.9606,-1.983,40.774,0
3.2692,3.4184,20.706,-66.824,0
2.4012,1.6223,3.0312,71.679,0
1.7257,-44.697,8.2219,-18.073,0
4.7965,6.9859,-19.967,-35.001,0
4.0962,10.1891,-39.323,-41.827,0
2.5559,3.3605,2.0321,26.809,0
3.4916,8.5709,-30.326,-59.182,0
5.195,-32.633,3.0895,-9.849,0
2.9856,7.2673,-409,-22.431,0
4.0932,5.4132,-18.219,23.576,0
1.7748,-76.978,5.5854,1.3039,0
5.2012,32.694,17.965,1.1797,0
-45.062,-13.678,7.0858,-40.303,0
4.8451,8.1116,-29.512,-14.724,0
74.841,7.2756,1.1504,-5.388,0
5.1213,8.5565,-33.917,-15.474,0
3.6181,-37.454,2.8273,-71.208,0
40.498,8.5234,1.4461,-39.306,0
-26.479,10.1374,-1.331,-54.707,0
37.984,70.975,75.716,-44.441,0
-95.923,91.039,6.2204,-14.828,0
2.8672,10.2008,-32.049,-31.095,0
1.0182,9.109,-62.064,-17.129,0
-27.143,11.4535,2.1092,-39.629,0
3.8244,-31.081,2.4537,52.024,0
2.7961,2.121,1.8385,38.317,0
3.5358,6.7086,-81.857,47.886,0
-7.056,8.7241,2.2215,-45.965,0
4.1542,7.2756,-24.766,-12.099,0
92.703,9.4318,-66.263,-16.728,0
1.8216,-64.748,8.0514,-41.855,0
-24.473,12.6247,73.573,-76.612,0
3.5862,-30.957,2.8093,24.481,0
66.191,9.6594,-28.819,-16.638,0
4.7926,1.7071,-51.701,1.4926,0
4.9852,8.3516,-25.425,-12.823,0
75.736,3.0294,2.9164,-68.117,0
4.6499,7.6336,-19.427,-37.458,0
-23.579,7.1742,78.457,-75.734,0
85.574,82.678,6.6042,-53.104,0
88.298,66.009,6.1996,-43.277,0
4.0422,-4.391,4.7466,1.137,0
2.2546,8.0992,-24.877,-32.698,0
38.478,6.5989,-3.336,-56.466,0
3.1541,-51.711,6.5991,57.455,0
2.3969,23.589,4.8477,1.437,0
4.7114,2.0755,-2.702,1.2379,0
4.0127,10.1477,-39.366,-40.728,0
2.6606,3.1681,1.9619,18.662,0
3.931,1.8541,-23.425,1.2314,0
1.727,8.693,1.3989,-39.668,0
3.2414,40.971,1.4015,1.1952,0
2.2504,3.5757,35.273,2.836,0
-13.971,3.3191,-13.927,-19.948,1
39.012,-14.279,-31.994,35.084,1
-16.677,-71.535,7.8929,96.765,1
-38.483,-128.047,156.824,-1.281,1
-35.681,-8.213,10.083,96.765,1
-22.804,-30.626,1.3347,1.3763,1
-17.582,2.7397,-25.323,-2.234,1
-89.409,3.1991,-18.219,-29.452,1
3.434,12.415,-28.733,14.654,1
-9.854,-6.661,5.8245,5.461,1
-24.115,-91.359,9.3444,-65.259,1
-15.252,-62.534,5.3524,59.912,1
-61.442,-91.058,-31.818,50.214,1
-36.506,2.8928,-36.461,-30.603,1
-59.034,6.5679,67.661,-66.797,1
-18.215,2.7521,-72.261,-2.353,1
-77.461,-18.768,2.4023,1.1319,1
-18.187,-90.366,9.0162,-12.243,1
-35.801,-129.309,131.779,-25.677,1
-18.219,-68.824,5.4681,57.313,1
-3.481,-38.696,-47.841,62.627,1
47.368,3.3605,-45.064,-40.431,1
-34.083,4.8587,-76.888,-48.668,1
-16.662,-30.005,1.4238,24.986,1
-20.962,-71.059,6.6188,-33.708,1
-26.685,-104.519,9.1139,-17.323,1
-47.465,-43.496,1.9901,7.517,1
1.0552,1.1857,-26.411,11.033,1
1.1644,3.8095,-49.408,-40.909,1
-44.779,7.3708,-31.218,-67.754,1
-27.338,45.523,2.4391,21.766,1
-2.286,-54.484,5.8039,88.231,1
-16.244,-63.444,4.6575,16.981,1
50.813,47.799,-19.804,57.714,1
1.6408,4.2503,-49.023,-26.621,1
81.583,4.84,-52.613,-60.823,1
-54.901,9.1048,-38.758,-59.763,1
-32.238,2.7935,32.274,-86.078,1
-20.631,-15.147,1.219,44.524,1
-91.318,-20.113,-19.565,66.365,1
6.005,1.9327,-32.888,-32.415,1
91.315,3.3377,-40.557,-16.741,1
-28.015,3.0729,-33.857,-29.155,1
-36.085,3.3253,-51.954,-35.737,1
-62.003,8.6806,91.344,-3.703,1
-42.932,3.3419,77.258,-99.785,1
-30.265,-62.088,68.604,-55.186,1
-17.015,-10.356,-99.337,-53.104,1
-64.326,2.4748,-29.452,-10.276,1
-86.339,1.9348,-23.729,-10.897,1
-20.659,1.0512,-46.298,-10.974,1
-21.333,1.5685,-84.261,-17.453,1
-12.568,-14.733,2.8718,44.653,1
-31.128,-6.841,10.7402,-10.172,1
-48.554,-59.037,10.9818,-82.199,1
-2.588,3.8654,-3.336,-12.797,1
24.394,1.4733,-14.192,-58.535,1
-15.322,-50.966,6.6779,17.498,1
-40.025,-134.979,176.772,-33.202,1
-40.173,-83.123,12.4547,-14.375,1
-30.731,-53.181,2.3877,77.627,1
-1.979,3.2301,-13.575,-25.819,1
-4.294,-14.693,44.265,-15.605,1
-2.234,-70.314,7.4936,61.334,1
-4.211,-124.736,149.704,-13.884,1
-38.073,-80.971,10.1772,65.084,1
-25.912,-10.554,1.2798,1.0414,1
-22.482,3.0915,-23.969,-26.711,1
-14.427,3.2922,-19.702,-34.392,1
-39.416,-20.702,-66.267,-44.699,1
-1.522,-66.383,5.7491,-10.691,1
-28.267,-90.407,9.0694,-98.233,1
-17.263,-60.237,5.2419,29.524,1
-94.255,39.307,-24.192,31.593,1
-89.569,3.2025,-36.067,-34.457,1
-62.815,6.6651,52.581,-70.107,1
-23.211,3.166,-10.002,-27.151,1
-13.414,-20.776,2.8093,60.688,1
-2.258,-93.263,9.3727,-85.949,1
-38.858,-128.461,12.7957,-31.353,1
-18.969,-67.893,5.2761,-32.544,1
-52.645,-24.832,-45.613,41.938,1
96.613,3.5612,-4.407,-44.103,1
-38.826,4.898,-92.311,-50.801,1
-21.405,-16.762,1.321,-20.906,1
-24.824,-73.046,6.839,-59.053,1
-29.098,-100.712,8.4156,-19.948,1
-60.975,-4.002,1.8471,6.017,1
83.625,1.1071,-24.706,-62.945,1
60.731,3.9544,-4.772,-44.853,1
-48.861,7.0542,-17.252,-6.959,1
-31.366,42.212,2.6225,-64.238,1
-25.754,-56.574,6.103,65.214,1
-18.782,-65.865,4.8486,-21.566,1
24.261,57.318,-19.402,44.007,1
1.296,4.2855,-48.457,-29.013,1
25.943,5.1997,-50.394,-63.862,1
-5.873,9.1752,-27.448,-60.422,1
-34.605,2.6901,16.165,-10.224,1
-23.797,-14.402,1.1273,16.076,1
-12.424,-17.175,-52.553,-21.036,1
20.216,1.9182,-32.828,-61.768,1
59.823,3.5012,-39.795,-17.841,1
-77.995,3.2322,-3.282,-31.004,1
-41.409,3.4619,-47.841,-38.879,1
-65.084,8.7696,23.191,-3.937,1
-44.996,3.4288,56.265,-11.672,1
-33.125,10.139,55.323,-2.957,1
-19.423,3.766,-12.898,-82.458,1
-75.793,2.5349,-30.464,-12.629,1
-95.403,1.9824,-23.163,-11.957,1
-22.173,1.4671,-72.689,-11.724,1
-2.799,1.9679,-42.357,-21.125,1
-18.629,-84.841,2.5377,97.399,1
-35.916,-62.285,10.2389,-11.543,1
-51.216,-53.118,10.3846,-10.612,1
-32.854,4.0372,-45.356,-18.228,1
-56.877,1.4174,-14.252,-11.246,1
-23.518,-48.359,6.6479,-60.358,1
-44.861,-132.889,173.087,-32.194,1
-43.876,-77.267,11.9655,-14.543,1
-33.604,-32.696,2.1324,6.017,1
-10.112,2.9984,-11.664,-16.185,1
30.219,-10.512,1.4024,77.369,1
-16.514,-84.985,9.1122,1.2379,1
-32.692,-127.406,155.573,-14.182,1
-25.701,-68.452,8.9999,2.1353,1
-13.066,25.244,7.623,1.7758,1
-16.637,3.2881,-22.701,-22.224,1
-55.008,2.8659,-16.488,-24.319,1
21.431,-69.529,87.711,29.653,1
-77.288,-74.473,6.492,36.119,1
-18.391,-90.883,9.2416,-10.432,1
-63.298,-51.277,4.5624,1.4797,1
40.545,62.905,-64.121,75.817,1
-28.696,3.1784,-35.767,-31.896,1
-52.406,6.6258,-19.908,-68.607,1
-14.446,2.1438,-47.241,-16.677,1
-65.767,-28.018,3.7115,99.739,1
-15.449,-101.498,9.6152,-12.332,1
-28.957,-120.205,11.9149,-27.552,1
-81.479,-57.381,4.3919,3.211,1
50.225,65.388,-11.793,39.998,1
74.521,3.6357,-44.044,-41.414,1
-29.146,4.0537,-45.699,-40.327,1
-13.907,-13.781,2.3055,-21.566,1
-1.786,-81.157,7.0858,-12.112,1
-17.322,-92.828,7.719,-17.168,1
55.298,-34.619,1.7048,1.1008,1
2.031,1.852,-30.121,3.003,1
1.2279,4.0309,-46.435,-39.125,1
-42.249,6.2699,15.822,-55.457,1
-25.346,-77.392,3.3602,171,1
-1.749,-6.332,6.0987,14.266,1
-539,-5.167,3.4399,52.141,1
1.5631,89.599,-19.702,65.472,1
2.3917,4.5565,-49.888,-28.987,1
89.512,4.7738,-48.431,-55.909,1
-54.808,8.1819,27.818,-50.323,1
-28.833,1.7713,68.946,-4.638,1
-14.174,-22.535,1.518,61.981,1
4.283,-94.981,-10.731,3.211,1
1.5904,2.2121,-31.183,-11.725,1
1.7425,3.6833,-40.129,-17.207,1
-23.356,3.2405,-30.669,-27.784,1
-36.227,3.9958,-35.845,-39.047,1
-61.536,7.9295,61.663,-32.646,1
-39.172,2.6652,78.886,-7.819,1
-22.214,-23.798,56.008,5.602,1
-49.241,89.392,-16.283,-56.854,1
26.517,2.4066,-28.416,-59.958,1
-10.234,1.8189,-22.169,-56.725,1
-16.176,1.0926,-35.502,-59.958,1
-18.448,1.254,27.218,-10.728,1
-12.786,-24.087,4.5735,47.627,1
-2.902,-76.563,11.8318,-84.268,1
-43.773,-55.167,10.939,-4.082,1
-20.529,3.8385,-79.544,-12.138,1
18.868,70.148,-51.182,55.892,1
-17.279,-6.841,8.9494,68.058,1
-33.793,-137.731,179.274,-20.323,1
-31.273,-71.121,11.3897,-83.634,1
-2.121,-5.588,1.949,1.353,1
-17.697,3.4329,-12.144,-23.789,1
-12.852,13.863,-19.651,81.754,1
-1.682,-68.121,7.1398,1.3323,1
-34.917,-121.736,143.689,-61.639,1
-31.158,-86.289,10.4403,97.153,1
-20.891,-48.422,1.704,1.7435,1
-16.936,2.7852,-21.835,-19.276,1
-12.846,3.2715,-17.671,-32.608,1
-92.194,39.315,-32.846,-13.794,1
-10.292,-63.879,5.5255,79.955,1
-22.083,-91.069,8.9991,-28.406,1
-10.744,-63.113,5.355,80.472,1
-51.003,-23.591,20.273,76.334,1
-36.372,3.0439,-34.816,-27.836,1
-63.979,6.4479,1.0836,-66.176,1
-22.501,3.3129,-88.369,-28.974,1
-11.859,-12.519,2.2635,77.239,1
-18.076,-88.131,8.7086,-21.682,1
-33.863,-129.889,130.545,-27.202,1
-14.106,-7.108,5.6454,31.335,1
-21.394,-68.287,96.532,1.1965,1
48.797,3.5674,-43.882,-38.116,1
-38.167,5.1401,-65.063,-54.306,1
-19.555,20.692,1.2473,-3.707,1
-21.786,-64.479,6.0344,-20.777,1
-23.299,-99.532,8.4756,-18.733,1
31.201,-40.061,1.7956,91.722,1
1.3518,1.0595,-23.437,39.998,1
1.2309,3.8923,-48.277,-40.069,1
-50.301,7.5032,-13.396,-75.034,1
-30.799,60.836,2.7039,-23.751,1
-22.987,-5.227,5.63,91.722,1
-1.239,-6.541,4.8151,-33.204,1
75.896,29.176,-16.506,83.834,1
1.6799,4.2068,-45.398,-23.931,1
63.655,5.2022,-52.159,-61.211,1
-60.598,9.2952,-43.642,-63.694,1
-3.518,2.8763,1.548,-12.086,1
-20.336,-14.092,1.1582,36.507,1
-69.745,-17.672,-34.474,-12.372,1
75.108,1.9161,-31.098,-20.518,1
84.546,3.4826,-36.307,-13.961,1
-55.648,3.2136,-33.085,-27.965,1
-36.817,3.2239,-69.347,-34.004,1
-67.526,8.8172,-61.983,-3.725,1
-4.577,3.4515,66.719,-94.742,1
-29.883,31.245,45.041,68.951,1
-14.781,14.277,-11.622,-48.579,1
-46.651,2.3383,-29.812,-10.431,1
-8.734,1.6533,-21.964,-78.061,1
-21.234,1.1815,-55.552,-81.165,1
-23.142,2.0838,-46.813,-16.767,1
-14.233,-98.912,2.3586,39.481,1
-30.866,-66.362,10.5405,-89.182,1
-47.331,-61.789,11.388,-10.741,1
-28.829,3.8964,-1.888,-11.672,1
-36.127,1.525,-14.089,-76.121,1
-17.104,-4.778,6.2109,3.974,1
-38.203,-130.551,169.583,-23.052,1
-37.181,-85.089,12.363,-95.518,1
-2.899,-60.424,2.6045,1.3776,1
-98.193,2.7956,-12.341,-15.668,1
-17.296,-11.816,1.3818,7.336,1
-19.409,-86.848,9.155,94.049,1
-35.713,-124.922,148.881,-47.027,1
-29.915,-66.258,8.6521,1.8198,1
-18.483,31.038,77.344,1.4189,1
-22.677,3.2964,-22.563,-24.642,1
-50.816,2.868,-18.108,-22.612,1
14.329,-10.885,1.1939,48.791,1
-90.784,-79.026,6.7807,34.179,1
-20.042,-93.676,9.3333,-10.303,1
-93.587,-51.008,4.5367,1.3866,1
-40.804,54.214,-52.725,6.586,1
-8.172,3.3812,-36.684,-3.456,1
-48.392,6.6755,-24.278,-65.775,1
-12.792,2.1376,-47.584,-13.974,1
-66.008,-3.226,3.8058,1.1836,1
-17.713,-107.665,10.2184,-10.043,1
-30.061,-122.377,11.9552,-21.603,1
-11.022,-58.395,4.5641,68.705,1
11.806,39.108,-98.223,42.843,1
11.686,3.735,-44.379,-43.741,1
-27.264,3.9213,-49.212,-36.371,1
-12.369,-16.906,2.518,51.636,1
-18.439,-86.475,7.6796,-66.682,1
-18.554,-96.035,7.7764,-97.716,1
16.358,-33.584,1.3749,1.3569,1
1.5077,1.9596,-30.584,-12.243,1
67.886,4.1199,-4.569,-41.414,1
-39.934,5.8333,54.723,-49.379,1
-23.898,-78.427,3.0141,76.205,1
-17.976,-67.686,6.6753,89.912,1
-70.867,-55.602,4.0483,903,1
1.0194,1.1029,-2.3,59.395,1
1.7875,4.78,-51.362,-32.362,1
27.331,4.8773,-49.194,-58.198,1
-51.661,8.0433,44.265,-44.983,1
-27.028,1.6327,83.598,-91.393,1
-14.904,-22.183,1.6054,89.394,1
-14.902,-10.243,-94.024,64.955,1
88.992,2.2638,-31.046,-11.855,1
1.0637,3.6957,-41.594,-19.379,1
-8.471,3.1329,-30.112,-29.388,1
-39.594,4.0289,-35.845,-38.957,1
-58.818,7.6584,5.558,-29.155,1
-37.747,2.5162,83.341,-30.993,1
-24.198,-24.418,70.146,41.809,1
-83.535,80.494,-16.411,-19.225,1
-30.432,2.6528,-27.756,-65.647,1
-60.254,1.7237,-21.501,-77.027,1
-21.059,1.1815,-53.324,-82.716,1
-20.441,1.2271,18.564,-1.091,1
-15.621,-22.121,4.2591,27.972,1
-32.305,-72.135,11.6433,-94.613,1
-48.426,-49.932,10.4052,-53.104,1
-23.147,3.6668,-6.969,-12.474,1
-11.716,60.422,-38.587,-59.065,1
-20.066,-6.719,9.0162,99.985,1
-36.961,-136.779,175.795,-26.181,1
-36.012,-65.389,10.5234,-48.967,1
-26.286,18.002,1.7956,97.282,1
-82.601,2.9611,-12.864,-14.647,1
31.803,-99.326,1.0947,88.619,1
-14.454,-84.385,8.8483,96.894,1
-31.423,-130.365,156.773,-66.165,1
-25.373,-6.959,8.8054,1.5289,1
-1.366,18.416,90.539,1.5806,1
-17.064,3.3088,-22.829,-21.978,1
-41.965,2.9094,-17.859,-22.069,1
37.637,-82.358,78.543,74.524,1
-55.355,-79.233,6.7156,74.394,1
-16.001,-95.828,9.4044,81.882,1
-37.013,-5.554,4.7749,1.547,1
12.126,22.347,-47.327,97.024,1
-27.068,3.2674,-35.562,-30.888,1
-5.119,6.6486,-49.987,-65.206,1
-13.946,2.3134,-44.499,-14.905,1
-69.879,-33.771,4.1211,1.5043,1
-1.48,-105.244,9.9176,-5.026,1
-26.649,-12.813,12.6689,-19.082,1
-62.684,-6.301,4.7843,1.106,1
518,25.865,-84.085,96.118,1
64.376,3.764,-44.738,-40.483,1
-29.821,4.1986,-5.898,-39.642,1
-14.628,-15.706,2.4357,49.826,1
-17.101,-87.903,7.9735,-45.475,1
-15.572,-98.808,8.1088,-10.806,1
74.428,-37.723,1.6131,1.5754,1
2.0177,1.7982,-29.581,2.099,1
1.164,3.913,-45.544,-38.672,1
-43.667,6.0692,57.208,-54.668,1
-25.919,-10.553,3.8949,77.757,1
-18.046,-68.141,6.7019,1.1681,1
-71.868,-57.154,3.8298,1.0233,1
1.4378,66.837,-20.267,1.0271,1
2.1943,4.5503,-4.976,-27.254,1
7.376,4.8525,-47.986,-56.659,1
-5.637,8.1261,13.081,-50.142,1
-30.193,1.7775,73.745,-45.346,1
-16.706,-2.09,1.584,71.162,1
-1.269,-11.505,-95.138,57.843,1
1.2198,2.0982,-31.954,12.843,1
1.4501,3.6067,-40.557,-15.966,1
-40.857,3.0977,-29.607,-26.892,1
-38.952,3.8157,-31.304,-38.194,1
-63.679,8.0102,4.247,-32.207,1
-41.429,2.7749,68.261,-71.984,1
-26.864,-97.265,61.663,61.192,1
-10.555,79.459,-16.968,-46.768,1
-29.858,2.4769,-29.512,-66.165,1
-49.948,1.7734,-22.469,-68.104,1
-19.881,99.945,-28.562,-70.044,1
-19.389,1.5706,45.979,-1.122,1
-14.375,-18.624,4.026,55.127,1
-31.875,-75.756,11.8678,-57.889,1
-46.765,-56.636,10.969,-33.449,1
-20.285,3.8468,-63.435,-1.175,1
26.637,73.252,-67.891,3.533,1
-17.589,-64.624,8.4773,31.981,1
-35.985,-136.593,176.052,-24.927,1
-33.582,-72.404,11.4419,-57.113,1
-23.629,-10.554,1.9336,1.1358,1
-21.802,3.3791,-12.256,-26.621,1
-40.951,-15.521,60.545,-88.807,1
-22.918,-7.257,7.9597,9.211,1
-40.214,-128.006,156.199,-95.647,1
-33.884,-8.215,10.3315,98.187,1
-20.046,-49.457,1.333,1.6543,1
-17.063,2.7956,-2.378,-23.491,1
-16.386,3.3584,-17.302,-35.646,1
-41.645,32.487,-33.617,-36.036,1
-15.877,-66.072,5.8022,31.593,1
-25.961,-9.349,9.7942,-28.018,1
-15.228,-64.789,5.7568,87.325,1
-53.072,-97.265,-21.793,1.0426,1
-49.081,2.8452,-36.436,-31.004,1
-65.773,6.8017,85.483,-75.344,1
-24.621,2.7645,-62.578,-28.573,1
-13.995,-19.162,2.5154,59.912,1
-23.221,-93.304,9.233,-79.871,1
-3.73,-129.723,12.9817,-2.684,1
-16.988,-71.163,5.7902,16.723,1
-26.654,-64.562,-42.014,89.136,1
33.325,3.3108,-45.081,-4.012,1
-42.091,4.7283,-49.126,-52.159,1
-23.142,-68.494,1.9833,-44.829,1
-24.835,-74.494,6.8964,-64.484,1
-27.611,-105.099,9.0239,-19.547,1
-36.025,-4.449,2.1067,94.308,1
1.0117,9.022,-23.506,42.714,1
96.708,3.8426,-49.314,-41.323,1
-52.049,7.259,70.827,-73.004,1
-33.203,-2.691,2.9618,-44.958,1
-2.565,-57.899,6.0122,46.968,1
-15.951,-6.572,4.7689,-94.354,1
7.049,17.174,-17.859,36.119,1
1.7331,3.9544,-47.412,-25.017,1
6.818,4.8504,-52.133,-61.043,1
-63.364,9.2848,14.275,-67.844,1
-38.053,2.4273,6.809,-10.871,1
-21.979,-21.252,1.7151,45.171,1
-87.874,-22.121,-51.701,99.985,1
74.067,1.7299,-31.963,-1.457,1
98.296,3.4226,-39.692,-17.116,1
-3.489,3.1929,-34.054,-31.832,1
-38.552,3.5219,-38.415,-38.608,1
-69.599,8.9931,2.182,-4.572,1
-47.462,3.1205,1.075,-12.966,1
-32.051,-14.279,97.565,45.675,1
-17.549,-80.711,-75.774,-3.707,1
-59.587,2.4811,-28.673,-89.828,1
-89.542,2.0279,-23.652,-12.746,1
-20.754,1.2767,-64.206,-12.642,1
-32.778,1.8023,1.805,-23.931,1
-22.183,-1.254,2.9986,36.378,1
-35.895,-6.572,10.5251,-16.381,1
-50.477,-58.023,11.244,-3.901,1
-35.741,3.944,-7.912,-21.203,1
-7.351,1.7361,-14.938,-11.582,1
-22.617,-47.428,6.3489,11.162,1
-4.244,-130.634,171.116,-28.017,1
-40.218,-8.304,12.555,-15.099,1
-30.201,-67.253,2.7056,85.774,1
-24.941,3.5447,-13.721,-28.483,1
-83.121,39.307,5.369,-23.105,1
-25.665,-68.824,7.5416,70.774,1
-44.018,-129.371,156.559,-16.806,1
-37.573,-82.916,10.3032,38.059,1
-24.725,-40.145,1.4855,1.1189,1
-19.725,2.8825,-23.086,-23.724,1
-20.149,3.6874,-19.385,-38.918,1
-82.053,65.181,-48.869,-52.716,1
-17.886,-63.486,5.6154,42.584,1
-29.138,-94.711,9.7668,-60.216,1
-18.343,-65.907,5.6429,54.998,1
-8.734,-33.118,-20.165,55.774,1
-70.346,2.957,-35.947,-31.457,1
-67.387,6.9879,67.833,-75.887,1
-27.723,3.2777,-9.351,-31.457,1
-16.641,-13.678,1.997,52.283,1
-24.349,-92.497,8.9922,-50.001,1
-3.793,-127.095,12.7957,-2.825,1
-19.551,-69.756,5.5383,-12.889,1
-69.078,-50.077,-35.417,47.498,1
25.013,3.3998,-44.327,-42.655,1
-43.967,4.9601,-64.892,-54.719,1
-2.456,-24.418,1.4041,-45.863,1
-2.62,-68.555,6.2169,-62.285,1
-29.662,-103.257,8.784,-21.138,1
-71.494,-44.448,2.2241,49.826,1
6.005,99.945,-22.126,97.399,1
61.652,3.8944,-47.275,-43.948,1
-54.414,7.2363,10.938,-75.642,1
-35.798,45.937,2.3457,-45.734,1
-27.769,-56.967,5.9179,37.671,1
-18.356,-67.562,5.0585,-55.044,1
30.081,17.381,-17.542,48.921,1
1.3403,4.1323,-47.018,-25.987,1
26.877,4.987,-51.508,-63.913,1
-65.235,9.6014,-25.392,-69.642,1
-40.679,2.4955,79.571,-11.039,1
-2.564,-17.051,1.5026,32.757,1
-13.414,-19.162,-15.538,-11.984,1
23.874,2.0879,-33.522,-66.553,1
6.212,3.6771,-40.771,-20.711,1
-77.848,3.4019,-34.859,-35.569,1
-41.244,3.7909,-6.532,-41.802,1
-70.421,9.2,25.933,-46.832,1
-49.462,3.5716,82.742,-14.957,1
-35.359,30.417,6.569,-2.957,1
-20.662,16.967,-10.054,-82.975,1
-88.728,2.808,-31.432,-12.035,1
-10.941,2.3072,-25.237,-14.453,1
-24.458,1.6285,-88.541,-14.802,1
-3.551,1.8955,1.865,-24.409,1
-22.811,-85.669,2.7185,44.382,1
-36.053,-5.974,10.0916,-82.846,1
-50.676,-51.877,10.4266,-86.725,1
-39.204,4.0723,-23.678,-21.151,1
-11.306,1.8458,-13.575,-13.806,1
-24.561,-45.566,6.4534,-56.479,1
-44.775,-130.303,170.834,-30.345,1
-41.958,-81.819,12.1291,-16.017,1
-3.38,-7.077,2.5325,71.808,1
-24.365,3.6026,-14.166,-28.948,1
-77.688,13.036,-31.137,-35.389,1
-27.083,-68.266,7.5339,59.007,1
-45.531,-125.854,154.417,-14.983,1
-38.894,-78.322,9.8208,47.498,1
-25.084,-22.763,1.488,1.2069,1
-21.652,3.0211,-24.132,-24.241,1
-18.974,3.5074,-17.842,-38.491,1
-62.043,5.587,-38.587,-66.423,1
-18.387,-6.301,5.6506,19.567,1
-3,-91.566,9.5766,-73.018,1
-19.116,-61.603,5.606,48.533,1
-1.005,84.831,-2.462,45.688,1
-87.834,3.257,-36.778,-32.944,1
-6.651,6.7934,68.604,-75.887,1
-25.463,3.1101,-83.228,-30.358,1
-14.377,-1.432,2.1144,42.067,1
-24.554,-90.407,8.862,-86.983,1
-39.411,-128.792,130.597,-33.125,1
-21.241,-68.969,5.5992,-47.156,1
-74.324,-32.902,-42.785,23.317,1
-71.503,3.7412,-45.415,-42.526,1
-42.333,4.9166,-49.212,-53.207,1
-23.675,-43.663,1.692,-43.018,1
-25.526,-73.625,6.9255,-66.811,1
-30.986,-104.602,8.9717,-23.427,1
-89.809,-44.862,2.2009,50.731,1
56.232,1.2015,-22.726,-60.486,1
53.936,3.8944,-48.166,-43.418,1
-53.012,7.3915,29.699,-73.987,1
-33.553,35.591,2.6473,-37.846,1
-27.908,-57.133,5.953,45.946,1
-19.983,-66.072,4.8254,-41.984,1
15.423,11.794,-16.823,59.524,1
1.208,4.0744,-47.635,-26.129,1
2.952,4.8856,-5.149,-62.323,1
-64.247,9.5311,22.844,-68.517,1
-39.933,2.6218,62.863,-11.595,1
-2.659,-16.058,1.3647,16.464,1
-14.094,-21.252,-10.397,-19.225,1
11.032,1.9741,-33.668,-65.259,1
52.374,3.644,-40.746,-19.909,1
-76.794,3.4598,-34.405,-34.276,1
-39.698,3.6812,-60.008,-40.133,1
-70.364,9.2931,16.594,-45.396,1
-49.447,3.3005,1.063,-1.444,1
-35.933,22.968,7.126,-3.332,1
-21.674,12.415,-10.465,-86.208,1
-9.607,2.6963,-31.226,-13.121,1
-10.802,2.1996,-25.862,-12.759,1
-23.277,1.4381,-82.114,-12.862,1
-37.244,1.9037,-35.421,-25.095,1
-25.724,-95.602,2.7073,-16.639,1
-39.297,-60.816,10.0958,-10.147,1
-52.943,-51.463,10.3332,-11.181,1
-38.953,4.0392,-3.019,-21.836,1
-12.244,1.7485,-14.801,-14.181,1
-26.406,-44.159,5.983,-13.924,1
-46.338,-127.509,167.166,-32.168,1
-42.887,-78.633,11.8387,-18.978,1
-33.458,-50.491,2.6328,53.705,1
-11.188,3.3357,-13.455,-19.573,1
55.939,-3.104,18.307,44.653,1
-15.078,-73.191,7.8981,1.2289,1
-3.506,-125.667,151.606,-75.216,1
-29.498,-8.273,10.2646,1.1629,1
-16.029,-38.903,1.62,1.9103,1
-12.667,2.8183,-2.426,-18.862,1
-49.281,3.0605,-18.356,-2.834,1
66.365,-45.533,-18.794,23.447,1
-72.068,-67.583,5.8408,62.369,1
-19.966,-95.001,9.682,-12.889,1
-97.325,-64.168,5.6026,1.0323,1
-25.314,-17.383,-11.339,1.2198,1
62.525,2.9301,-35.467,-26.737,1
-5.525,6.3258,89.768,-66.241,1
-12.943,2.6735,-84.085,-20.323,1
-24.037,-17.837,2.135,1.2418,1
-13.968,-96.698,9.4652,-34.872,1
-29.672,-132.869,134.727,-26.271,1
-11.005,-72.508,6.0139,36.895,1
22.432,-52.147,-40.386,1.2017,1
90.407,3.3708,-44.987,-36.965,1
-28.619,4.5193,-58.123,-42.629,1
-10.833,-31.247,1.2815,41.291,1
-15.681,-72.446,6.5537,-1.276,1
-20.545,-108.679,9.4926,-14.116,1
2.346,-45.152,2.1195,1.4448,1
1.581,86.909,-23.138,82.412,1
1.5514,3.8013,-49.143,-37.483,1
-41.479,7.1225,-83.404,-64.172,1
-22.625,-99.335,2.8127,48.662,1
-17.479,-5.823,5.8699,1.212,1
-95.923,-67.128,4.9857,32.886,1
1.3451,23.589,-18.785,1.3258,1
2.2279,4.0951,-48.037,-21.112,1
1.2572,4.8731,-52.861,-58.741,1
-53.857,9.1214,-41.929,-59.181,1
-29.786,2.3445,52.667,-40.173,1
-15.851,-21.562,1.7082,9.017,1
-21.888,-22.038,-954,56.421,1
1.3183,1.9017,-33.111,65.071,1
1.4896,3.4288,-40.309,-14.259,1
11.592,3.2219,-34.302,-28.457,1
-33.924,3.3564,-72.004,-35.233,1
-61.632,8.7096,-21.621,-36.345,1
-40.786,2.9239,87.026,-65.389,1
-25.899,-3.911,93.452,42.972,1
-10.116,-19.038,-90.597,3.003,1
66.129,2.4914,-29.401,-62.156,1
-24.745,1.9368,-24.697,-80.518,1
-15.732,1.0636,-71.232,-8.388,1
-21.668,1.5933,45.122,-1.678,1
-11.667,-14.237,2.9241,66.119,1
-28.391,-6.63,10.4849,-42.113,1
-45.046,-58.126,10.8867,-52.846,1
-2.41,3.7433,-40.215,-12.953,1
40.614,1.3492,-14.501,-55.949,1
-13.887,-48.773,6.4774,34.179,1
-37.503,-134.586,175.932,-27.771,1
-35.637,-83.827,12.393,-12.823,1
-25.419,-65.804,2.6842,1.1952,1